call_date,daily_calls
2026-07-04,2
2026-07-05,6
2026-07-06,4
2026-07-07,4
2026-07-08,1
2026-07-09,6
2026-07-10,7
2026-07-11,5
2026-07-12,9
2026-07-13,2
2026-07-14,8
2026-07-15,4
2026-07-16,4
2026-07-17,3
2026-07-18,5
2026-07-19,6
2026-07-20,7
2026-07-21,7
2026-07-22,2
2026-07-23,2
2026-07-24,4
2026-07-25,3
2026-07-26,6
2026-07-27,3
2026-07-28,2
2026-07-29,6
2026-07-30,8
2026-07-31,2
2026-08-01,7
2026-08-02,7
2026-08-03,5
2026-08-04,5
2026-08-05,7
2026-08-06,7
2026-08-07,6
2026-08-08,1
2026-08-09,4
2026-08-10,5
2026-08-11,5
2026-08-12,3
2026-08-13,7
2026-08-14,3
2026-08-15,3
2026-08-16,1
2026-08-17,3
2026-08-18,5
2026-08-19,4
2026-08-20,6
2026-08-22,5
2026-08-23,6
2026-08-24,2
2026-08-25,2
2026-08-26,5
2026-08-27,3
2026-08-28,3
2026-08-29,5
2026-08-30,4
2026-08-31,7
2026-09-01,3
2026-09-02,4
2026-09-03,3
2026-09-04,7
2026-09-05,5
2026-09-06,1
2026-09-07,4
2026-09-08,5
2026-09-09,3
2026-09-10,3
2026-09-11,3
2026-09-12,4
2026-09-13,2
2026-09-14,4
2026-09-15,5
2026-09-16,2
2026-09-17,5
2026-09-18,4
2026-09-19,2
2026-09-20,6
2026-09-21,5
2026-09-22,5
2026-09-23,5
2026-09-24,3
2026-09-25,11
2026-09-27,2
2026-09-28,4
2026-09-29,3
2026-09-30,6
2026-10-01,2
